adventure	The Godfather II	http://www.metacritic.com/game/pc/the-godfather-ii	63	Apr  7, 2009	6.4	69
adventure	Leisure Suit Larry: Box Office Bust	http://www.metacritic.com/game/pc/leisure-suit-larry-box-office-bust	20	Mar 31, 2009	2.3	37
adventure	Wallace & Gromit's Grand Adventures, Episode 1: Fright of the Bumblebees	http://www.metacritic.com/game/pc/wallace-gromits-grand-adventures-episode-1-fright-of-the-bumblebees	76	Mar 23, 2009	7.5	13
adventure	The Path	http://www.metacritic.com/game/pc/the-path	79	Mar 18, 2009	7.0	115
adventure	Grey's Anatomy: The Video Game	http://www.metacritic.com/game/pc/greys-anatomy-the-video-game	36	Mar  4, 2009	3.9	20
adventure	Ceville	http://www.metacritic.com/game/pc/ceville	73	Feb 27, 2009	8.2	21
adventure	Emerald City Confidential	http://www.metacritic.com/game/pc/emerald-city-confidential	71	Feb 19, 2009	8.3	15
adventure	Art of Murder: Hunt for the Puppeteer	http://www.metacritic.com/game/pc/art-of-murder-hunt-for-the-puppeteer	56	Feb 17, 2009	6.1	11
adventure	Strong Bad's Cool Game for Attractive People Episode 5: 8-Bit Is Enough	http://www.metacritic.com/game/pc/strong-bads-cool-game-for-attractive-people-episode-5-8-bit-is-enough	82	Dec 15, 2008	7.5	26
adventure	Chronicles of Mystery: The Scorpio Ritual	http://www.metacritic.com/game/pc/chronicles-of-mystery-the-scorpio-ritual	62	Nov 26, 2008	5.6	12
adventure	CSI: NY	http://www.metacritic.com/game/pc/csi-ny	53	Nov 18, 2008	2.3	13
adventure	Strong Bad's Cool Game for Attractive People Episode 4: Dangeresque 3: The Criminal Projective	http://www.metacritic.com/game/pc/strong-bads-cool-game-for-attractive-people-episode-4-dangeresque-3-the-criminal-projective	81	Nov 17, 2008	8.5	11
adventure	Penny Arcade Adventures: Episode Two	http://www.metacritic.com/game/pc/penny-arcade-adventures-episode-two	80	Nov  7, 2008	7.7	22
adventure	Strong Bad's Cool Game for Attractive People Episode 3: Baddest of the Bands	http://www.metacritic.com/game/pc/strong-bads-cool-game-for-attractive-people-episode-3-baddest-of-the-bands	79	Oct 27, 2008	8.1	8
adventure	Nancy Drew: The Haunting of Castle Malloy	http://www.metacritic.com/game/pc/nancy-drew-the-haunting-of-castle-malloy	81	Oct 16, 2008	7.9	9
adventure	Everlight of Magic & Power	http://www.metacritic.com/game/pc/everlight-of-magic-power	63	Oct  7, 2008	tbd	0
adventure	Rhiannon: Curse of the Four Branches	http://www.metacritic.com/game/pc/rhiannon-curse-of-the-four-branches	67	Oct  5, 2008	7.1	8
adventure	The Hardy Boys: The Hidden Theft	http://www.metacritic.com/game/pc/the-hardy-boys-the-hidden-theft	51	Sep 30, 2008	5.4	5
adventure	Nikopol: Secrets of the Immortals	http://www.metacritic.com/game/pc/nikopol-secrets-of-the-immortals	68	Sep 20, 2008	6.0	30
adventure	Strong Bad's Cool Game for Attractive People Episode 2: Strong Badia the Free	http://www.metacritic.com/game/pc/strong-bads-cool-game-for-attractive-people-episode-2-strong-badia-the-free	81	Sep 15, 2008	8.2	13
adventure	Outcry	http://www.metacritic.com/game/pc/outcry	63	Aug 28, 2008	8.2	11
adventure	Murder in the Abbey	http://www.metacritic.com/game/pc/murder-in-the-abbey	64	Aug 26, 2008	7.0	11
adventure	Sinking Island	http://www.metacritic.com/game/pc/sinking-island	68	Aug 21, 2008	7.1	20
adventure	Dracula 3: The Path of the Dragon	http://www.metacritic.com/game/pc/dracula-3-the-path-of-the-dragon	65	Aug 21, 2008	7.2	22
adventure	Strong Bad's Cool Game for Attractive People Episode 1: Homestar Ruiner	http://www.metacritic.com/game/pc/strong-bads-cool-game-for-attractive-people-episode-1-homestar-ruiner	73	Aug 11, 2008	8.0	15
adventure	Art of Murder: FBI Confidential	http://www.metacritic.com/game/pc/art-of-murder-fbi-confidential	50	Jul 29, 2008	5.2	18
adventure	I-Fluid	http://www.metacritic.com/game/pc/i-fluid	69	Jul 22, 2008	5.8	9
adventure	Nancy Drew: The Phantom of Venice	http://www.metacritic.com/game/pc/nancy-drew-the-phantom-of-venice	69	Jul 11, 2008	6.8	9
adventure	The Immortals of Terra: A Perry Rhodan Adventure	http://www.metacritic.com/game/pc/the-immortals-of-terra-a-perry-rhodan-adventure	63	Jul  3, 2008	7.1	11
adventure	LEGO Indiana Jones: The Original Adventures	http://www.metacritic.com/game/pc/lego-indiana-jones-the-original-adventures	78	Jun  3, 2008	7.6	38
adventure	Dracula: Origin	http://www.metacritic.com/game/pc/dracula-origin	70	May 23, 2008	6.5	21
adventure	Penny Arcade Adventures: Episode One	http://www.metacritic.com/game/pc/penny-arcade-adventures-episode-one	77	May 21, 2008	8.3	90
adventure	Jack Keane	http://www.metacritic.com/game/pc/jack-keane	69	Apr 15, 2008	6.9	22
adventure	Sherlock Holmes: Nemesis	http://www.metacritic.com/game/pc/sherlock-holmes-nemesis	71	Apr 14, 2008	7.5	21
adventure	Sam & Max Episode 205: What's New, Beelzebub?	http://www.metacritic.com/game/pc/sam-max-episode-205-whats-new-beelzebub	85	Apr 10, 2008	7.9	14
adventure	Overclocked: A History of Violence	http://www.metacritic.com/game/pc/overclocked-a-history-of-violence	70	Apr  7, 2008	7.1	15
adventure	Cleopatra: Riddle of the Tomb	http://www.metacritic.com/game/pc/cleopatra-riddle-of-the-tomb	67	Mar 31, 2008	tbd	0
adventure	Belief & Betrayal	http://www.metacritic.com/game/pc/belief-betrayal	53	Mar 25, 2008	4.9	9
adventure	Sam & Max Episode 204: Chariots of the Dogs	http://www.metacritic.com/game/pc/sam-max-episode-204-chariots-of-the-dogs	85	Mar 13, 2008	8.1	10
adventure	Rhem 3: The Secret Library	http://www.metacritic.com/game/pc/rhem-3-the-secret-library	69	Feb 28, 2008	tbd	0
adventure	Sam & Max Episode 203: Night of the Raving Dead	http://www.metacritic.com/game/pc/sam-max-episode-203-night-of-the-raving-dead	79	Feb 12, 2008	8.2	13
adventure	The Experiment	http://www.metacritic.com/game/pc/the-experiment	68	Feb  5, 2008	6.5	11
adventure	The Spiderwick Chronicles	http://www.metacritic.com/game/pc/the-spiderwick-chronicles	61	Feb  5, 2008	tbd	0
adventure	Sam & Max Episode 202: Moai Better Blues	http://www.metacritic.com/game/pc/sam-max-episode-202-moai-better-blues	80	Jan 10, 2008	7.7	9
adventure	Next Life	http://www.metacritic.com/game/pc/next-life	56	Nov 20, 2007	4.6	10
adventure	Space Ace HD	http://www.metacritic.com/game/pc/space-ace-hd	60	Nov 10, 2007	tbd	0
adventure	Sam & Max Episode 201: Ice Station Santa	http://www.metacritic.com/game/pc/sam-max-episode-201-ice-station-santa	82	Nov  8, 2007	8.5	15
adventure	Darkness Within: In Pursuit of Loath Nolder	http://www.metacritic.com/game/pc/darkness-within-in-pursuit-of-loath-nolder	52	Nov  6, 2007	7.1	17
adventure	Culpa Innata	http://www.metacritic.com/game/pc/culpa-innata	66	Nov  2, 2007	7.9	42
adventure	Agatha Christie: Evil Under the Sun	http://www.metacritic.com/game/pc/agatha-christie-evil-under-the-sun	66	Oct 16, 2007	7.2	20
adventure	Nancy Drew: Legend of the Crystal Skull	http://www.metacritic.com/game/pc/nancy-drew-legend-of-the-crystal-skull	79	Oct  8, 2007	8.3	7
adventure	Nostradamus: The Last Prophecy	http://www.metacritic.com/game/pc/nostradamus-the-last-prophecy	70	Sep 30, 2007	5.9	8
adventure	CSI: Crime Scene Investigation: Hard Evidence	http://www.metacritic.com/game/pc/csi-crime-scene-investigation-hard-evidence	63	Sep 25, 2007	5.8	11
adventure	East Side Story - A Carol Reed Mystery	http://www.metacritic.com/game/pc/east-side-story---a-carol-reed-mystery	73	Sep 14, 2007	tbd	0
adventure	Anacapri: The Dream	http://www.metacritic.com/game/pc/anacapri-the-dream	39	Sep 12, 2007	4.2	13
adventure	Undercover: Operation Wintersun	http://www.metacritic.com/game/pc/undercover-operation-wintersun	57	Aug 28, 2007	tbd	0
adventure	Destination: Treasure Island	http://www.metacritic.com/game/pc/destination-treasure-island	74	Aug 21, 2007	7.7	6
adventure	It's the Big Game, Charlie Brown	http://www.metacritic.com/game/pc/its-the-big-game-charlie-brown	54	Jul 30, 2007	tbd	0
adventure	Dead Reefs	http://www.metacritic.com/game/pc/dead-reefs	51	Jul  3, 2007	7.7	7
adventure	Nancy Drew: The White Wolf of Icicle Creek	http://www.metacritic.com/game/pc/nancy-drew-the-white-wolf-of-icicle-creek	73	Jun  7, 2007	6.4	9
adventure	The Secrets of Atlantis	http://www.metacritic.com/game/pc/the-secrets-of-atlantis	48	May 29, 2007	3.0	5
adventure	Sam & Max Episode 106: Bright Side of the Moon	http://www.metacritic.com/game/pc/sam-max-episode-106-bright-side-of-the-moon	79	Apr 26, 2007	7.3	12
adventure	Sam & Max Episode 105: Reality 2.0	http://www.metacritic.com/game/pc/sam-max-episode-105-reality-20	82	Mar 29, 2007	8.4	16
adventure	Hans Christian Andersen: The Ugly Prince Duckling	http://www.metacritic.com/game/pc/hans-christian-andersen-the-ugly-prince-duckling	63	Mar 20, 2007	tbd	0
adventure	Runaway: The Dream of the Turtle	http://www.metacritic.com/game/pc/runaway-the-dream-of-the-turtle	67	Mar 14, 2007	8.1	59
adventure	The Sacred Rings	http://www.metacritic.com/game/pc/the-sacred-rings	44	Mar  7, 2007	tbd	0
adventure	Sherlock Holmes: The Awakened	http://www.metacritic.com/game/pc/sherlock-holmes-the-awakened	72	Mar  1, 2007	7.5	39
adventure	Sam & Max Episode 104: Abe Lincoln Must Die!	http://www.metacritic.com/game/pc/sam-max-episode-104-abe-lincoln-must-die!	80	Feb 22, 2007	7.8	40
adventure	Secrets of the Ark: A Broken Sword Game	http://www.metacritic.com/game/pc/secrets-of-the-ark-a-broken-sword-game	73	Feb 13, 2007	6.0	33
adventure	Sam & Max Episode 103: The Mole, the Mob and the Meatball	http://www.metacritic.com/game/pc/sam-max-episode-103-the-mole-the-mob-and-the-meatball	74	Jan 25, 2007	8.2	17
adventure	Myst Online: Uru Live	http://www.metacritic.com/game/pc/myst-online-uru-live	78	Jan 15, 2007	8.0	12
adventure	The Blackwell Legacy	http://www.metacritic.com/game/pc/the-blackwell-legacy	80	Dec 29, 2006	7.9	74
adventure	Sam & Max Episode 102: Situation: Comedy	http://www.metacritic.com/game/pc/sam-max-episode-102-situation-comedy	79	Dec 20, 2006	7.9	14
adventure	Vigil: Blood Bitterness	http://www.metacritic.com/game/pc/vigil-blood-bitterness	61	Dec 14, 2006	4.8	25
adventure	Agatha Christie: Murder on the Orient Express	http://www.metacritic.com/game/pc/agatha-christie-murder-on-the-orient-express	60	Nov 21, 2006	7.8	24
adventure	Happy Feet	http://www.metacritic.com/game/pc/happy-feet	42	Nov 14, 2006	4.5	6
adventure	Secret Files: Tunguska	http://www.metacritic.com/game/pc/secret-files-tunguska	66	Oct 30, 2006	7.3	40
adventure	Nancy Drew: The Creature of Kapu Cave	http://www.metacritic.com/game/pc/nancy-drew-the-creature-of-kapu-cave	68	Oct 19, 2006	7.3	12
adventure	Sam & Max Episode 101: Culture Shock	http://www.metacritic.com/game/pc/sam-max-episode-101-culture-shock	81	Oct 18, 2006	8.4	30
adventure	Evidence: The Last Ritual	http://www.metacritic.com/game/pc/evidence-the-last-ritual	74	Oct 16, 2006	7.9	9
adventure	Al Emmo and the Lost Dutchman's Mine	http://www.metacritic.com/game/pc/al-emmo-and-the-lost-dutchmans-mine	77	Sep  6, 2006	7.4	19
adventure	Ankh	http://www.metacritic.com/game/pc/ankh	74	Aug 31, 2006	7.7	12
adventure	Barrow Hill: Curse of the Ancient Circle	http://www.metacritic.com/game/pc/barrow-hill-curse-of-the-ancient-circle	65	Aug 25, 2006	7.9	16
adventure	Don Bluth Presents: Dragon's Lair HD	http://www.metacritic.com/game/pc/don-bluth-presents-dragons-lair-hd	50	Aug 25, 2006	4.5	4
adventure	Safecracker: The Ultimate Puzzle Adventure	http://www.metacritic.com/game/pc/safecracker-the-ultimate-puzzle-adventure	69	Aug  2, 2006	7.1	23
adventure	Nancy Drew: Danger By Design	http://www.metacritic.com/game/pc/nancy-drew-danger-by-design	70	Jul 11, 2006	5.4	12
adventure	The Secrets of Da Vinci: The Forbidden Manuscript	http://www.metacritic.com/game/pc/the-secrets-of-da-vinci-the-forbidden-manuscript	69	Jun  7, 2006	7.0	5
adventure	Paradise	http://www.metacritic.com/game/pc/paradise	57	May  3, 2006	8.5	48
adventure	Wild Earth: Photo Safari	http://www.metacritic.com/game/pc/wild-earth-photo-safari	72	May  2, 2006	7.8	5
adventure	Dreamfall: The Longest Journey	http://www.metacritic.com/game/pc/dreamfall-the-longest-journey	75	Apr 17, 2006	8.5	548
adventure	Bone: The Great Cow Race	http://www.metacritic.com/game/pc/bone-the-great-cow-race	76	Apr 12, 2006	7.1	11
adventure	Daemonica	http://www.metacritic.com/game/pc/daemonica	65	Mar 31, 2006	8.5	11
adventure	Keepsake	http://www.metacritic.com/game/pc/keepsake	68	Mar 31, 2006	6.9	17
adventure	Crime Stories: From the Files of Martin Mystere	http://www.metacritic.com/game/pc/crime-stories-from-the-files-of-martin-mystere	45	Mar 21, 2006	4.7	7
adventure	AGON: The Mysterious Codex	http://www.metacritic.com/game/pc/agon-the-mysterious-codex	73	Mar 16, 2006	tbd	0
adventure	CSI: Crime Scene Investigation: 3 Dimensions of Murder	http://www.metacritic.com/game/pc/csi-crime-scene-investigation-3-dimensions-of-murder	67	Mar 14, 2006	7.4	23
adventure	Scratches	http://www.metacritic.com/game/pc/scratches	67	Mar  8, 2006	8.2	53
adventure	80 Days (2005)	http://www.metacritic.com/game/pc/80-days-2005	58	Dec 12, 2005	7.9	9
adventure	Law & Order: Criminal Intent	http://www.metacritic.com/game/pc/law-order-criminal-intent	56	Nov 15, 2005	6.3	7
adventure	Weird Worlds: Return to Infinite Space	http://www.metacritic.com/game/pc/weird-worlds-return-to-infinite-space	79	Nov  4, 2005	7.0	23
adventure	Rhem 2	http://www.metacritic.com/game/pc/rhem-2	75	Nov  2, 2005	6.7	6
adventure	Agatha Christie: And Then There Were None	http://www.metacritic.com/game/pc/agatha-christie-and-then-there-were-none	68	Oct 30, 2005	7.6	34
adventure	Indigo Prophecy	http://www.metacritic.com/game/pc/indigo-prophecy	85	Sep 20, 2005	8.3	395
adventure	Myst V: End of Ages	http://www.metacritic.com/game/pc/myst-v-end-of-ages	80	Sep 19, 2005	8.0	50
adventure	Nancy Drew: Last Train to Blue Moon Canyon	http://www.metacritic.com/game/pc/nancy-drew-last-train-to-blue-moon-canyon	77	Sep 16, 2005	7.6	12
adventure	Bone: Out From Boneville	http://www.metacritic.com/game/pc/bone-out-from-boneville	68	Sep 15, 2005	7.1	17
adventure	Nibiru: Age of Secrets	http://www.metacritic.com/game/pc/nibiru-age-of-secrets	66	Aug 31, 2005	5.8	21
adventure	Voyage: Inspired by Jules Verne	http://www.metacritic.com/game/pc/voyage-inspired-by-jules-verne	71	Aug 18, 2005	8.0	4
adventure	Nancy Drew: Secret of the Old Clock	http://www.metacritic.com/game/pc/nancy-drew-secret-of-the-old-clock	80	Jul 26, 2005	8.2	10
adventure	Echo: Secrets of the Lost Cavern	http://www.metacritic.com/game/pc/echo-secrets-of-the-lost-cavern	71	Jul  5, 2005	7.9	7
adventure	Still Life	http://www.metacritic.com/game/pc/still-life	75	May  4, 2005	7.8	90
adventure	The Moment of Silence	http://www.metacritic.com/game/pc/the-moment-of-silence	70	Mar  1, 2005	8.1	17
adventure	Sentinel: Descendants in Time	http://www.metacritic.com/game/pc/sentinel-descendants-in-time	71	Dec 14, 2004	tbd	0
adventure	Bad Mojo: Redux	http://www.metacritic.com/game/pc/bad-mojo-redux	74	Dec 10, 2004	7.0	13
adventure	Dragon's Lair 3	http://www.metacritic.com/game/pc/dragons-lair-3	23	Nov 23, 2004	3.6	7
adventure	Legacy: Dark Shadows	http://www.metacritic.com/game/pc/legacy-dark-shadows	41	Nov 19, 2004	3.7	6
adventure	CSI: Miami	http://www.metacritic.com/game/pc/csi-miami	54	Nov 16, 2004	7.3	19
adventure	Return to Mysterious Island	http://www.metacritic.com/game/pc/return-to-mysterious-island	79	Nov  2, 2004	8.2	24
adventure	Atlantis Evolution	http://www.metacritic.com/game/pc/atlantis-evolution	54	Oct 17, 2004	tbd	0
adventure	Leisure Suit Larry: Magna Cum Laude	http://www.metacritic.com/game/pc/leisure-suit-larry-magna-cum-laude	59	Oct  5, 2004	5.1	35
adventure	Law & Order: Justice Is Served	http://www.metacritic.com/game/pc/law-order-justice-is-served	77	Oct  5, 2004	7.5	4
adventure	Nancy Drew: Curse of Blackmoor Manor	http://www.metacritic.com/game/pc/nancy-drew-curse-of-blackmoor-manor	81	Oct  5, 2004	8.1	17
adventure	Wanted: A Wild Western Adventure	http://www.metacritic.com/game/pc/wanted-a-wild-western-adventure	66	Oct  3, 2004	8.4	12
adventure	Sherlock Holmes: The Silver Earring	http://www.metacritic.com/game/pc/sherlock-holmes-the-silver-earring	68	Sep 28, 2004	6.8	20
adventure	Lifestream	http://www.metacritic.com/game/pc/lifestream	74	Sep 27, 2004	7.0	5
adventure	Dark Fall: Lights Out	http://www.metacritic.com/game/pc/dark-fall-lights-out	66	Aug 31, 2004	7.1	16
adventure	Nancy Drew: The Secret of Shadow Ranch	http://www.metacritic.com/game/pc/nancy-drew-the-secret-of-shadow-ranch	68	Jul 20, 2004	6.6	8
adventure	Uru: The Path of the Shell	http://www.metacritic.com/game/pc/uru-the-path-of-the-shell	72	Jul  7, 2004	7.0	8
adventure	Aura: Fate of the Ages	http://www.metacritic.com/game/pc/aura-fate-of-the-ages	63	Jun 29, 2004	6.0	14
adventure	Missing: Since January	http://www.metacritic.com/game/pc/missing-since-january	75	Jun 25, 2004	8.0	8
adventure	Forever Worlds - Enter the Unknown	http://www.metacritic.com/game/pc/forever-worlds---enter-the-unknown	31	Apr  5, 2004	4.5	6
adventure	Syberia II	http://www.metacritic.com/game/pc/syberia-ii	80	Mar 30, 2004	8.3	167
adventure	The Egyptian Prophecy	http://www.metacritic.com/game/pc/the-egyptian-prophecy	73	Mar 30, 2004	6.6	7
adventure	CSI: Crime Scene Investigation: Dark Motives	http://www.metacritic.com/game/pc/csi-crime-scene-investigation-dark-motives	65	Mar 23, 2004	8.0	21
adventure	Crystal Key 2: The Far Realm	http://www.metacritic.com/game/pc/crystal-key-2-the-far-realm	59	Mar 19, 2004	tbd	0
adventure	A Quiet Weekend in Capri	http://www.metacritic.com/game/pc/a-quiet-weekend-in-capri	63	Mar 17, 2004	7.5	6
adventure	Jack the Ripper	http://www.metacritic.com/game/pc/jack-the-ripper	58	Jan 29, 2004	6.4	5
adventure	Mysterious Journey II	http://www.metacritic.com/game/pc/mysterious-journey-ii	62	Nov 25, 2003	6.0	4
adventure	Broken Sword: The Sleeping Dragon	http://www.metacritic.com/game/pc/broken-sword-the-sleeping-dragon	82	Nov 17, 2003	7.5	96
adventure	Uru: Ages Beyond Myst	http://www.metacritic.com/game/pc/uru-ages-beyond-myst	79	Nov 11, 2003	7.3	32
adventure	Conspiracies	http://www.metacritic.com/game/pc/conspiracies	53	Nov 10, 2003	tbd	0
adventure	Traitors Gate 2	http://www.metacritic.com/game/pc/traitors-gate-2	37	Nov  2, 2003	3.8	9
adventure	Journey to the Center of the Earth	http://www.metacritic.com/game/pc/journey-to-the-center-of-the-earth	65	Oct 27, 2003	6.3	12
adventure	The Black Mirror	http://www.metacritic.com/game/pc/the-black-mirror	58	Oct 20, 2003	8.4	72
adventure	Nancy Drew: Danger on Deception Island	http://www.metacritic.com/game/pc/nancy-drew-danger-on-deception-island	81	Oct  1, 2003	7.6	13
adventure	Law & Order II: Double or Nothing	http://www.metacritic.com/game/pc/law-order-ii-double-or-nothing	74	Sep 30, 2003	6.0	7
adventure	Ring II: Twilight of Gods	http://www.metacritic.com/game/pc/ring-ii-twilight-of-gods	31	Sep 16, 2003	5.6	7
adventure	Runaway: A Road Adventure	http://www.metacritic.com/game/pc/runaway-a-road-adventure	74	Aug 28, 2003	7.9	67
adventure	Nancy Drew: The Haunted Carousel	http://www.metacritic.com/game/pc/nancy-drew-the-haunted-carousel	85	Aug 22, 2003	8.5	15
adventure	Dark Fall: The Journal	http://www.metacritic.com/game/pc/dark-fall-the-journal	68	Jul 25, 2003	7.5	18
adventure	Rhem	http://www.metacritic.com/game/pc/rhem	58	Jun 28, 2003	tbd	0
adventure	Salammbo: Battle of Carthage	http://www.metacritic.com/game/pc/salammbo-battle-of-carthage	77	May  8, 2003	7.6	5
adventure	CSI: Crime Scene Investigation	http://www.metacritic.com/game/pc/csi-crime-scene-investigation	61	Mar 26, 2003	6.8	21
adventure	Riddle of the Sphinx 2: The Omega Stone	http://www.metacritic.com/game/pc/riddle-of-the-sphinx-2-the-omega-stone	72	Mar 19, 2003	6.9	10
adventure	Post Mortem	http://www.metacritic.com/game/pc/post-mortem	71	Feb 27, 2003	8.0	28
adventure	Sherlock Holmes: The Mystery of the Mummy	http://www.metacritic.com/game/pc/sherlock-holmes-the-mystery-of-the-mummy	61	Dec 29, 2002	6.0	4
adventure	Shadow of Destiny	http://www.metacritic.com/game/pc/shadow-of-destiny	71	Dec  2, 2002	7.8	15
adventure	Tony Tough and the Night of Roasted Moths	http://www.metacritic.com/game/pc/tony-tough-and-the-night-of-roasted-moths	68	Oct 31, 2002	6.0	5
adventure	The Cameron Files: Pharaoh's Curse	http://www.metacritic.com/game/pc/the-cameron-files-pharaohs-curse	57	Oct 29, 2002	tbd	0
adventure	Law & Order: Dead on the Money	http://www.metacritic.com/game/pc/law-order-dead-on-the-money	70	Sep 24, 2002	8.0	13
adventure	Syberia	http://www.metacritic.com/game/pc/syberia	82	Sep  1, 2002	8.5	260
adventure	Jazz and Faust	http://www.metacritic.com/game/pc/jazz-and-faust	42	Jun 13, 2002	tbd	0
adventure	The Watchmaker (2001)	http://www.metacritic.com/game/pc/the-watchmaker-2001	59	Jun  1, 2002	tbd	0
adventure	Mystery of the Nautilus	http://www.metacritic.com/game/pc/mystery-of-the-nautilus	57	Apr 29, 2002	tbd	0
adventure	The Cameron Files: The Secret at Loch Ness	http://www.metacritic.com/game/pc/the-cameron-files-the-secret-at-loch-ness	66	Jan 24, 2002	5.8	6
adventure	Druuna: Morbus Gravis	http://www.metacritic.com/game/pc/druuna-morbus-gravis	27	Nov 27, 2001	4.4	7
adventure	Survivor (2001)	http://www.metacritic.com/game/pc/survivor-2001	26	Nov 12, 2001	2.6	15
adventure	Beyond Atlantis II	http://www.metacritic.com/game/pc/beyond-atlantis-ii	75	Oct 24, 2001	8.0	13
adventure	From Dusk Till Dawn	http://www.metacritic.com/game/pc/from-dusk-till-dawn	58	Oct 11, 2001	6.7	12
adventure	Uplink: Hacker Elite	http://www.metacritic.com/game/pc/uplink-hacker-elite	75	Oct  9, 2001	8.2	124
adventure	Road to India: Between Hell and Nirvana	http://www.metacritic.com/game/pc/road-to-india-between-hell-and-nirvana	61	Sep 16, 2001	tbd	0
adventure	Dragonriders: Chronicles of Pern	http://www.metacritic.com/game/pc/dragonriders-chronicles-of-pern	44	Aug 13, 2001	5.8	4
adventure	Majestic	http://www.metacritic.com/game/pc/majestic	66	Jul 31, 2001	7.4	5
adventure	Disney's Atlantis: The Lost Empire - Trial By Fire	http://www.metacritic.com/game/pc/disneys-atlantis-the-lost-empire---trial-by-fire	50	May 17, 2001	tbd	0
adventure	Myst III: Exile	http://www.metacritic.com/game/pc/myst-iii-exile	83	May  8, 2001	8.2	42
adventure	In Cold Blood	http://www.metacritic.com/game/pc/in-cold-blood	67	Mar 25, 2001	7.1	21
adventure	Stupid Invaders	http://www.metacritic.com/game/pc/stupid-invaders	65	Feb 21, 2001	7.0	9
adventure	Dracula: The Last Sanctuary	http://www.metacritic.com/game/pc/dracula-the-last-sanctuary	68	Feb 11, 2001	6.8	19
adventure	The Ward	http://www.metacritic.com/game/pc/the-ward	57	Jan 22, 2001	tbd	0
adventure	Odyssey: The Search for Ulysses	http://www.metacritic.com/game/pc/odyssey-the-search-for-ulysses	58	Jan  2, 2001	tbd	0
adventure	Riddle of the Sphinx: An Egyptian Adventure	http://www.metacritic.com/game/pc/riddle-of-the-sphinx-an-egyptian-adventure	72	Dec  5, 2000	tbd	0
adventure	Seven Games of the Soul	http://www.metacritic.com/game/pc/seven-games-of-the-soul	52	Nov 30, 2000	tbd	0
adventure	The Longest Journey	http://www.metacritic.com/game/pc/the-longest-journey	91	Nov 16, 2000	8.8	463
adventure	Real Myst	http://www.metacritic.com/game/pc/real-myst	66	Nov 14, 2000	8.3	34
adventure	The Devil Inside	http://www.metacritic.com/game/pc/the-devil-inside	76	Nov  9, 2000	6.9	11
adventure	Escape from Monkey Island	http://www.metacritic.com/game/pc/escape-from-monkey-island	86	Nov  8, 2000	8.2	90
adventure	Dracula: The Resurrection	http://www.metacritic.com/game/pc/dracula-the-resurrection	67	Jun 14, 2000	6.7	18
adventure	Traitor's Gate	http://www.metacritic.com/game/pc/traitors-gate	63	Apr 30, 2000	6.8	20
adventure	Gabriel Knight 3: Blood of the Sacred, Blood of the Damned	http://www.metacritic.com/game/pc/gabriel-knight-3-blood-of-the-sacred-blood-of-the-damned	80	Oct  5, 1999	8.6	51
adventure	Grim Fandango	http://www.metacritic.com/game/pc/grim-fandango	94	Oct 14, 1998	9.1	562
adventure	The X-Files Game	http://www.metacritic.com/game/pc/the-x-files-game	56	May 31, 1998	7.9	14
adventure	Of Light and Darkness: The Prophecy	http://www.metacritic.com/game/pc/of-light-and-darkness-the-prophecy	58	Mar 31, 1998	tbd	0
adventure	The Curse of Monkey Island	http://www.metacritic.com/game/pc/the-curse-of-monkey-island	89	Oct 31, 1997	9.1	253
adventure	Broken Sword: The Smoking Mirror	http://www.metacritic.com/game/pc/broken-sword-the-smoking-mirror	69	Oct 31, 1997	8.2	88
adventure	The Last Express	http://www.metacritic.com/game/pc/the-last-express	82	Mar 31, 1997	8.8	61
adventure	Obsidian	http://www.metacritic.com/game/pc/obsidian	85	Dec 31, 1996	8.3	13
adventure	Circle of Blood	http://www.metacritic.com/game/pc/circle-of-blood	80	Sep 30, 1996	8.6	18
adventure	Harvester	http://www.metacritic.com/game/pc/harvester	53	Aug 31, 1996	8.3	38
adventure	Santa Fe Mysteries: The Elk Moon Murder	http://www.metacritic.com/game/pc/santa-fe-mysteries-the-elk-moon-murder	59	Jun 30, 1996	tbd	0
adventure	Bad Mojo	http://www.metacritic.com/game/pc/bad-mojo	74	Feb 29, 1996	6.9	11
adventure	Full Throttle	http://www.metacritic.com/game/pc/full-throttle	86	Apr 30, 1995	8.8	145
first person shooters	PlayerUnknown's Battlegrounds	http://www.metacritic.com/game/pc/playerunknowns-battlegrounds	85	Dec 20, 2017	4.5	639
first person shooters	L.A. Noire: The VR Case Files	http://www.metacritic.com/game/pc/la-noire-the-vr-case-files	84	Dec 15, 2017	6.7	14
first person shooters	Destiny 2: Curse of Osiris	http://www.metacritic.com/game/pc/destiny-2-curse-of-osiris	63	Dec  5, 2017	1.3	121
first person shooters	DOOM VFR	http://www.metacritic.com/game/pc/doom-vfr	69	Nov 30, 2017	5.4	14
first person shooters	TARTARUS	http://www.metacritic.com/game/pc/tartarus	59	Nov 21, 2017	tbd	0
first person shooters	Star Wars Battlefront II	http://www.metacritic.com/game/pc/star-wars-battlefront-ii	65	Nov 17, 2017	1.0	2426
first person shooters	Call of Duty: WWII	http://www.metacritic.com/game/pc/call-of-duty-wwii	73	Nov  3, 2017	3.1	526
first person shooters	Wolfenstein II: The New Colossus	http://www.metacritic.com/game/pc/wolfenstein-ii-the-new-colossus	86	Oct 27, 2017	6.8	712
first person shooters	Destiny 2	http://www.metacritic.com/game/pc/destiny-2	83	Oct 24, 2017	3.6	784
first person shooters	High Hell	http://www.metacritic.com/game/pc/high-hell	81	Oct 23, 2017	tbd	0
first person shooters	Arktika.1	http://www.metacritic.com/game/pc/arktika1	74	Oct 10, 2017	8.5	11
first person shooters	Raw Data	http://www.metacritic.com/game/pc/raw-data	87	Oct  5, 2017	6.5	8
first person shooters	Don't Knock Twice	http://www.metacritic.com/game/pc/dont-knock-twice	56	Sep  5, 2017	tbd	0
first person shooters	Battlefield 1: In the Name of the Tsar	http://www.metacritic.com/game/pc/battlefield-1-in-the-name-of-the-tsar	82	Sep  5, 2017	5.3	19
first person shooters	Killing Floor: Incursion	http://www.metacritic.com/game/pc/killing-floor-incursion	69	Aug 16, 2017	5.0	4
first person shooters	Observer	http://www.metacritic.com/game/pc/observer	78	Aug 15, 2017	7.8	138
first person shooters	LawBreakers	http://www.metacritic.com/game/pc/lawbreakers	76	Aug  4, 2017	6.7	143
first person shooters	Slime Rancher	http://www.metacritic.com/game/pc/slime-rancher	81	Aug  1, 2017	7.6	19
first person shooters	Aporia: Beyond The Valley	http://www.metacritic.com/game/pc/aporia-beyond-the-valley	71	Jul 19, 2017	6.6	13
first person shooters	No70: Eye of Basir	http://www.metacritic.com/game/pc/no70-eye-of-basir	52	Jun 28, 2017	5.0	6
first person shooters	Get Even	http://www.metacritic.com/game/pc/get-even	75	Jun 20, 2017	7.8	76
first person shooters	Conarium	http://www.metacritic.com/game/pc/conarium	73	Jun  6, 2017	7.0	24
first person shooters	Perception	http://www.metacritic.com/game/pc/perception	56	May 30, 2017	6.6	47
first person shooters	Rising Storm 2: Vietnam	http://www.metacritic.com/game/pc/rising-storm-2-vietnam	81	May 30, 2017	7.9	75
first person shooters	Mirage: Arcane Warfare	http://www.metacritic.com/game/pc/mirage-arcane-warfare	74	May 23, 2017	3.7	12
first person shooters	The Fidelio Incident	http://www.metacritic.com/game/pc/the-fidelio-incident	69	May 23, 2017	6.2	18
first person shooters	Inner Chains	http://www.metacritic.com/game/pc/inner-chains	40	May 18, 2017	4.5	13
first person shooters	Bokida: Heartfelt Reunion	http://www.metacritic.com/game/pc/bokida-heartfelt-reunion	75	May 17, 2017	tbd	0
first person shooters	Empathy	http://www.metacritic.com/game/pc/empathy	59	May 16, 2017	6.0	6
first person shooters	STRAFE	http://www.metacritic.com/game/pc/strafe	64	May  9, 2017	5.3	31
first person shooters	Prey	http://www.metacritic.com/game/pc/prey	82	May  5, 2017	7.9	797
first person shooters	Sniper: Ghost Warrior 3	http://www.metacritic.com/game/pc/sniper-ghost-warrior-3	59	Apr 25, 2017	6.1	160
first person shooters	What Remains of Edith Finch	http://www.metacritic.com/game/pc/what-remains-of-edith-finch	89	Apr 25, 2017	8.1	289
first person shooters	Immortal Redneck	http://www.metacritic.com/game/pc/immortal-redneck	70	Apr 25, 2017	7.1	17
first person shooters	The Signal From Tolva	http://www.metacritic.com/game/pc/the-signal-from-tolva	69	Apr 10, 2017	6.3	6
first person shooters	Bulletstorm: Full Clip Edition	http://www.metacritic.com/game/pc/bulletstorm-full-clip-edition	76	Apr  7, 2017	6.6	33
first person shooters	Waking the Glares: Chapters I and II	http://www.metacritic.com/game/pc/waking-the-glares-chapters-i-and-ii	53	Mar 15, 2017	tbd	0
first person shooters	Battlefield 1: They Shall Not Pass	http://www.metacritic.com/game/pc/battlefield-1-they-shall-not-pass	76	Mar 14, 2017	4.9	31
first person shooters	DESYNC	http://www.metacritic.com/game/pc/desync	69	Feb 28, 2017	8.0	10
first person shooters	Herald: An Interactive Period Drama	http://www.metacritic.com/game/pc/herald-an-interactive-period-drama	77	Feb 16, 2017	tbd	0
first person shooters	Sniper Elite 4	http://www.metacritic.com/game/pc/sniper-elite-4	78	Feb 14, 2017	7.1	117
first person shooters	John Wick Chronicles	http://www.metacritic.com/game/pc/john-wick-chronicles	57	Feb  9, 2017	tbd	0
first person shooters	Leaving Lyndow	http://www.metacritic.com/game/pc/leaving-lyndow	74	Feb  8, 2017	4.5	8
first person shooters	Space Hulk: Deathwing	http://www.metacritic.com/game/pc/space-hulk-deathwing	58	Dec 14, 2016	5.3	88
first person shooters	Arizona Sunshine	http://www.metacritic.com/game/pc/arizona-sunshine	81	Dec  6, 2016	7.7	23
first person shooters	SUPERHOT VR	http://www.metacritic.com/game/pc/superhot-vr	85	Dec  5, 2016	6.5	24
first person shooters	I Expect You To Die	http://www.metacritic.com/game/pc/i-expect-you-to-die	76	Nov 30, 2016	tbd	0
first person shooters	Quern - Undying Thoughts	http://www.metacritic.com/game/pc/quern---undying-thoughts	83	Nov 28, 2016	8.9	15
first person shooters	Small Radios Big Televisions	http://www.metacritic.com/game/pc/small-radios-big-televisions	67	Nov  8, 2016	5.8	4
first person shooters	Lethal VR	http://www.metacritic.com/game/pc/lethal-vr	66	Nov  8, 2016	tbd	0
first person shooters	Call of Duty: Infinite Warfare	http://www.metacritic.com/game/pc/call-of-duty-infinite-warfare	73	Nov  4, 2016	3.3	591
first person shooters	Call of Duty: Modern Warfare Remastered	http://www.metacritic.com/game/pc/call-of-duty-modern-warfare-remastered	86	Nov  4, 2016	5.7	92
first person shooters	House of the Dying Sun	http://www.metacritic.com/game/pc/house-of-the-dying-sun	76	Nov  1, 2016	8.0	9
first person shooters	Titanfall 2	http://www.metacritic.com/game/pc/titanfall-2	86	Oct 28, 2016	8.2	746
first person shooters	Hide and Shriek	http://www.metacritic.com/game/pc/hide-and-shriek	68	Oct 25, 2016	6.0	6
first person shooters	Battlefield 1	http://www.metacritic.com/game/pc/battlefield-1	88	Oct 21, 2016	7.3	1689
first person shooters	Shadow Warrior 2	http://www.metacritic.com/game/pc/shadow-warrior-2	78	Oct 13, 2016	8.2	428
first person shooters	Duke Nukem 3D: 20th Anniversary World Tour	http://www.metacritic.com/game/pc/duke-nukem-3d-20th-anniversary-world-tour	72	Oct 11, 2016	6.8	25
first person shooters	Virginia	http://www.metacritic.com/game/pc/virginia	74	Sep 22, 2016	4.8	121
first person shooters	BioShock: The Collection	http://www.metacritic.com/game/pc/bioshock-the-collection	80	Sep 16, 2016	6.7	81
first person shooters	Event[0]	http://www.metacritic.com/game/pc/event0	75	Sep 14, 2016	6.6	41
first person shooters	The Turing Test	http://www.metacritic.com/game/pc/the-turing-test	74	Aug 30, 2016	6.7	86
first person shooters	Obduction	http://www.metacritic.com/game/pc/obduction	76	Aug 24, 2016	7.8	128
first person shooters	Layers of Fear: Inheritance	http://www.metacritic.com/game/pc/layers-of-fear-inheritance	70	Aug  2, 2016	7.2	19
first person shooters	Day of Infamy	http://www.metacritic.com/game/pc/day-of-infamy	77	Jul 28, 2016	8.7	32
first person shooters	Lovely Planet Arcade	http://www.metacritic.com/game/pc/lovely-planet-arcade	78	Jul 22, 2016	tbd	0
first person shooters	Shattered Skies	http://www.metacritic.com/game/pc/shattered-skies	56	Jul 21, 2016	5.3	12
first person shooters	Breached	http://www.metacritic.com/game/pc/breached	54	Jun 22, 2016	7.0	4
first person shooters	Mirror's Edge Catalyst	http://www.metacritic.com/game/pc/mirrors-edge-catalyst	74	Jun  7, 2016	5.0	608
first person shooters	Hard Reset Redux	http://www.metacritic.com/game/pc/hard-reset-redux	73	Jun  3, 2016	6.4	48
first person shooters	Overwatch	http://www.metacritic.com/game/pc/overwatch	91	May 23, 2016	6.8	4725
first person shooters	Time Machine VR	http://www.metacritic.com/game/pc/time-machine-vr	58	May 19, 2016	8.1	7
first person shooters	Homefront: The Revolution	http://www.metacritic.com/game/pc/homefront-the-revolution	54	May 17, 2016	3.8	331
first person shooters	DOOM	http://www.metacritic.com/game/pc/doom	85	May 13, 2016	8.4	2112
first person shooters	Dead Effect 2	http://www.metacritic.com/game/pc/dead-effect-2	53	May  6, 2016	5.6	17
first person shooters	Battleborn	http://www.metacritic.com/game/pc/battleborn	69	May  3, 2016	7.1	392
first person shooters	N.E.R.O.: Nothing Ever Remains Obscure	http://www.metacritic.com/game/pc/nero-nothing-ever-remains-obscure	59	Apr 29, 2016	5.4	5
first person shooters	FATED: The Silent Oath	http://www.metacritic.com/game/pc/fated-the-silent-oath	67	Apr 28, 2016	tbd	0
first person shooters	P-O-L-L-E-N	http://www.metacritic.com/game/pc/p-o-l-l-e-n	64	Apr 20, 2016	4.3	17
first person shooters	Everybody's Gone to the Rapture	http://www.metacritic.com/game/pc/everybodys-gone-to-the-rapture	76	Apr 14, 2016	4.8	73
first person shooters	The Gallery - Episode 1: Call of the Starseed	http://www.metacritic.com/game/pc/the-gallery---episode-1-call-of-the-starseed	79	Apr  5, 2016	8.2	5
first person shooters	Obscuritas	http://www.metacritic.com/game/pc/obscuritas	63	Mar 17, 2016	4.0	5
first person shooters	Kona	http://www.metacritic.com/game/pc/kona	73	Mar 10, 2016	8.1	33
first person shooters	The Guest	http://www.metacritic.com/game/pc/the-guest	68	Mar 10, 2016	7.1	23
first person shooters	E.T. Armies	http://www.metacritic.com/game/pc/et-armies	54	Mar  3, 2016	6.7	37
first person shooters	Far Cry Primal	http://www.metacritic.com/game/pc/far-cry-primal	74	Mar  1, 2016	5.2	482
first person shooters	Soul Axiom	http://www.metacritic.com/game/pc/soul-axiom	57	Feb 29, 2016	6.2	9
first person shooters	The Town of Light	http://www.metacritic.com/game/pc/the-town-of-light	64	Feb 26, 2016	7.1	73
first person shooters	SUPERHOT	http://www.metacritic.com/game/pc/superhot	82	Feb 25, 2016	7.5	407
first person shooters	Prospekt	http://www.metacritic.com/game/pc/prospekt	43	Feb 18, 2016	4.8	26
first person shooters	Devil Daggers	http://www.metacritic.com/game/pc/devil-daggers	83	Feb 18, 2016	7.0	58
first person shooters	Californium	http://www.metacritic.com/game/pc/californium	64	Feb 17, 2016	5.9	7
first person shooters	Layers of Fear	http://www.metacritic.com/game/pc/layers-of-fear	72	Feb 16, 2016	7.7	239
first person shooters	Doors	http://www.metacritic.com/game/pc/doors	40	Feb 12, 2016	tbd	0
first person shooters	Firewatch	http://www.metacritic.com/game/pc/firewatch	81	Feb  9, 2016	6.9	1005
first person shooters	CALENDULA	http://www.metacritic.com/game/pc/calendula	67	Feb  2, 2016	8.1	8
first person shooters	The Witness	http://www.metacritic.com/game/pc/the-witness	87	Jan 26, 2016	6.8	450
first person shooters	Monumental	http://www.metacritic.com/game/pc/monumental	41	Jan 22, 2016	tbd	0
first person shooters	Turok Remastered	http://www.metacritic.com/game/pc/turok-remastered	67	Dec 17, 2015	7.3	25
first person shooters	Tom Clancy's Rainbow Six Siege	http://www.metacritic.com/game/pc/tom-clancys-rainbow-six-siege	79	Dec  1, 2015	7.1	898
first person shooters	Star Wars Battlefront	http://www.metacritic.com/game/pc/star-wars-battlefront	72	Nov 17, 2015	3.5	1603
first person shooters	Call of Duty: Black Ops III	http://www.metacritic.com/game/pc/call-of-duty-black-ops-iii	73	Nov  5, 2015	2.9	1079
first person shooters	Pathologic Classic HD	http://www.metacritic.com/game/pc/pathologic-classic-hd	76	Oct 29, 2015	8.6	41
first person shooters	Warhammer: End Times - Vermintide	http://www.metacritic.com/game/pc/warhammer-end-times---vermintide	79	Oct 23, 2015	7.9	272
first person shooters	Coast Guard	http://www.metacritic.com/game/pc/coast-guard	47	Oct 21, 2015	3.8	4
first person shooters	Bedlam	http://www.metacritic.com/game/pc/bedlam	54	Oct 13, 2015	6.6	8
first person shooters	Secret Ponchos: Most Wanted	http://www.metacritic.com/game/pc/secret-ponchos-most-wanted	73	Oct 13, 2015	7.4	8
first person shooters	Keep Talking and Nobody Explodes	http://www.metacritic.com/game/pc/keep-talking-and-nobody-explodes	67	Oct  8, 2015	8.2	43
first person shooters	Stairs	http://www.metacritic.com/game/pc/stairs	65	Sep 28, 2015	5.8	9
first person shooters	Euclidean	http://www.metacritic.com/game/pc/euclidean	62	Sep 25, 2015	3.3	4
first person shooters	Rememoried	http://www.metacritic.com/game/pc/rememoried	65	Aug 31, 2015	6.3	6
first person shooters	Corpse of Discovery	http://www.metacritic.com/game/pc/corpse-of-discovery	49	Aug 25, 2015	tbd	0
first person shooters	Zombi	http://www.metacritic.com/game/pc/zombi	65	Aug 18, 2015	4.6	86
first person shooters	Enki	http://www.metacritic.com/game/pc/enki	43	Jul 31, 2015	4.9	9
first person shooters	Cradle	http://www.metacritic.com/game/pc/cradle	65	Jul 24, 2015	7.9	57
first person shooters	The Talos Principle: Road To Gehenna	http://www.metacritic.com/game/pc/the-talos-principle-road-to-gehenna	82	Jul 23, 2015	7.7	45
first person shooters	Niko: Through The Dream	http://www.metacritic.com/game/pc/niko-through-the-dream	74	Jul 17, 2015	7.8	37
first person shooters	The Magic Circle	http://www.metacritic.com/game/pc/the-magic-circle	79	Jul  9, 2015	7.3	29
first person shooters	Knee Deep, Act 1: Wonderland	http://www.metacritic.com/game/pc/knee-deep-act-1-wonderland	66	Jul  6, 2015	6.8	4
first person shooters	Kholat	http://www.metacritic.com/game/pc/kholat	64	Jun  9, 2015	7.3	114
first person shooters	Sylvio	http://www.metacritic.com/game/pc/sylvio	60	Jun  5, 2015	6.1	8
first person shooters	Dirty Bomb	http://www.metacritic.com/game/pc/dirty-bomb	63	Jun  1, 2015	7.7	224
first person shooters	Homesick	http://www.metacritic.com/game/pc/homesick	72	May 28, 2015	6.8	23
first person shooters	Magnetic: Cage Closed	http://www.metacritic.com/game/pc/magnetic-cage-closed	61	May 26, 2015	7.4	22
first person shooters	Sunset	http://www.metacritic.com/game/pc/sunset	66	May 21, 2015	2.8	61
first person shooters	Wolfenstein: The Old Blood	http://www.metacritic.com/game/pc/wolfenstein-the-old-blood	76	May  5, 2015	7.7	400
first person shooters	Block N Load	http://www.metacritic.com/game/pc/block-n-load	72	Apr 30, 2015	7.2	20
first person shooters	Verdun	http://www.metacritic.com/game/pc/verdun	70	Apr 28, 2015	8.0	114
first person shooters	Borderlands: The Pre-Sequel - Claptastic Voyage and Ultimate Vault Hunter Upgrade Pack 2	http://www.metacritic.com/game/pc/borderlands-the-pre-sequel---claptastic-voyage-and-ultimate-vault-hunter-upgrade-pack-2	73	Mar 24, 2015	5.7	18
first person shooters	Battlefield Hardline	http://www.metacritic.com/game/pc/battlefield-hardline	71	Mar 17, 2015	4.0	805
first person shooters	Pneuma: Breath of Life	http://www.metacritic.com/game/pc/pneuma-breath-of-life	63	Feb 27, 2015	6.6	15
first person shooters	Evolve	http://www.metacritic.com/game/pc/evolve	77	Feb  9, 2015	4.3	950
first person shooters	The Talos Principle	http://www.metacritic.com/game/pc/the-talos-principle	85	Dec 11, 2014	8.6	538
first person shooters	The Old City: Leviathan	http://www.metacritic.com/game/pc/the-old-city-leviathan	62	Dec  3, 2014	5.9	27
first person shooters	Far Cry 4	http://www.metacritic.com/game/pc/far-cry-4	80	Nov 17, 2014	6.7	1144
first person shooters	Depth	http://www.metacritic.com/game/pc/depth	65	Nov  3, 2014	8.0	106
first person shooters	Call of Duty: Advanced Warfare	http://www.metacritic.com/game/pc/call-of-duty-advanced-warfare	78	Nov  3, 2014	4.6	1165
first person shooters	Natural Selection 2: Combat	http://www.metacritic.com/game/pc/natural-selection-2-combat	60	Oct 31, 2014	6.7	6
first person shooters	Screencheat	http://www.metacritic.com/game/pc/screencheat	71	Oct 21, 2014	8.4	5
first person shooters	Legend of Grimrock II	http://www.metacritic.com/game/pc/legend-of-grimrock-ii	85	Oct 15, 2014	8.1	350
first person shooters	Borderlands: The Pre-Sequel	http://www.metacritic.com/game/pc/borderlands-the-pre-sequel	75	Oct 14, 2014	6.2	734
first person shooters	The Vanishing of Ethan Carter	http://www.metacritic.com/game/pc/the-vanishing-of-ethan-carter	82	Sep 25, 2014	8.1	715
first person shooters	Metro Redux	http://www.metacritic.com/game/pc/metro-redux	84	Aug 26, 2014	8.0	254
first person shooters	Metro: Last Light Redux	http://www.metacritic.com/game/pc/metro-last-light-redux	76	Aug 25, 2014	8.1	227
first person shooters	Metro: 2033 Redux	http://www.metacritic.com/game/pc/metro-2033-redux	90	Aug 25, 2014	8.3	621
first person shooters	Ziggurat	http://www.metacritic.com/game/pc/ziggurat	75	Aug 14, 2014	7.9	49
first person shooters	MIND: Path to Thalamus	http://www.metacritic.com/game/pc/mind-path-to-thalamus	75	Aug  5, 2014	6.9	82
first person shooters	Eidolon	http://www.metacritic.com/game/pc/eidolon	64	Aug  1, 2014	6.4	21
first person shooters	Lovely Planet	http://www.metacritic.com/game/pc/lovely-planet	61	Jul 31, 2014	7.4	23
first person shooters	Pineview Drive	http://www.metacritic.com/game/pc/pineview-drive	58	Jul 31, 2014	5.8	20
first person shooters	Only If	http://www.metacritic.com/game/pc/only-if	39	Jul 25, 2014	5.7	54
first person shooters	4PM	http://www.metacritic.com/game/pc/4pm	41	Jul  9, 2014	4.2	26
first person shooters	Enemy Front	http://www.metacritic.com/game/pc/enemy-front	52	Jun 10, 2014	5.6	103
first person shooters	Among the Sleep	http://www.metacritic.com/game/pc/among-the-sleep	66	May 29, 2014	7.5	194
first person shooters	Wolfenstein: The New Order	http://www.metacritic.com/game/pc/wolfenstein-the-new-order	81	May 19, 2014	8.2	1796
first person shooters	Heavy Bullets	http://www.metacritic.com/game/pc/heavy-bullets	72	May 15, 2014	7.7	7
first person shooters	Qbeh-1: The Atlas Cube	http://www.metacritic.com/game/pc/qbeh-1-the-atlas-cube	72	May 15, 2014	7.6	8
first person shooters	Sir, You Are Being Hunted	http://www.metacritic.com/game/pc/sir-you-are-being-hunted	63	May  2, 2014	6.4	64
first person shooters	Battlefield 4: Naval Strike	http://www.metacritic.com/game/pc/battlefield-4-naval-strike	74	Apr 15, 2014	5.2	27
first person shooters	Dead Effect	http://www.metacritic.com/game/pc/dead-effect	59	Apr 15, 2014	6.3	33
first person shooters	The Elder Scrolls Online	http://www.metacritic.com/game/pc/the-elder-scrolls-online	71	Apr  4, 2014	5.7	2402
first person shooters	Steins;Gate	http://www.metacritic.com/game/pc/steinsgate	87	Mar 31, 2014	8.8	207
first person shooters	ETHER One	http://www.metacritic.com/game/pc/ether-one	82	Mar 25, 2014	6.9	47
first person shooters	BioShock Infinite: Burial at Sea - Episode Two	http://www.metacritic.com/game/pc/bioshock-infinite-burial-at-sea---episode-two	80	Mar 25, 2014	8.5	495
first person shooters	Lichdom: Battlemage	http://www.metacritic.com/game/pc/lichdom-battlemage	69	Mar 19, 2014	6.8	170
first person shooters	Deus Ex: The Fall	http://www.metacritic.com/game/pc/deus-ex-the-fall	45	Mar 18, 2014	2.9	160
first person shooters	Titanfall	http://www.metacritic.com/game/pc/titanfall	86	Mar 11, 2014	6.2	1721
first person shooters	Year Walk	http://www.metacritic.com/game/pc/year-walk	87	Mar  6, 2014	7.0	139
first person shooters	Tower of Guns	http://www.metacritic.com/game/pc/tower-of-guns	76	Mar  4, 2014	7.2	42
first person shooters	NaissanceE	http://www.metacritic.com/game/pc/naissancee	66	Feb 13, 2014	7.0	49
first person shooters	Jazzpunk	http://www.metacritic.com/game/pc/jazzpunk	75	Feb  7, 2014	7.8	130
first person shooters	Rekoil	http://www.metacritic.com/game/pc/rekoil	32	Jan 28, 2014	2.2	44
first person shooters	Strike Vector	http://www.metacritic.com/game/pc/strike-vector	73	Jan 28, 2014	8.0	48
first person shooters	CONSORTIUM	http://www.metacritic.com/game/pc/consortium	66	Jan  6, 2014	7.5	54
first person shooters	Battlefield 4: Second Assault	http://www.metacritic.com/game/pc/battlefield-4-second-assault	77	Dec  3, 2013	6.1	14
first person shooters	Deadfall Adventures	http://www.metacritic.com/game/pc/deadfall-adventures	53	Nov 15, 2013	7.1	158
first person shooters	BioShock Infinite: Burial at Sea - Episode One	http://www.metacritic.com/game/pc/bioshock-infinite-burial-at-sea---episode-one	70	Nov 12, 2013	7.7	508
first person shooters	Call of Duty: Ghosts	http://www.metacritic.com/game/pc/call-of-duty-ghosts	68	Nov  4, 2013	2.1	3398
first person shooters	Battlefield 4	http://www.metacritic.com/game/pc/battlefield-4	81	Oct 29, 2013	6.1	3572
first person shooters	Warface	http://www.metacritic.com/game/pc/warface	62	Oct 21, 2013	4.1	364
first person shooters	The Stanley Parable	http://www.metacritic.com/game/pc/the-stanley-parable	88	Oct 17, 2013	8.0	1881
first person shooters	Eleusis	http://www.metacritic.com/game/pc/eleusis	49	Oct 16, 2013	6.8	21
first person shooters	Shadow Warrior	http://www.metacritic.com/game/pc/shadow-warrior	73	Sep 26, 2013	8.1	705
first person shooters	Alien Rage	http://www.metacritic.com/game/pc/alien-rage	52	Sep 24, 2013	6.8	165
first person shooters	Takedown: Red Sabre	http://www.metacritic.com/game/pc/takedown-red-sabre	34	Sep 20, 2013	2.9	164
first person shooters	MechWarrior Online	http://www.metacritic.com/game/pc/mechwarrior-online	68	Sep 17, 2013	5.3	857
first person shooters	The Bureau: XCOM Declassified	http://www.metacritic.com/game/pc/the-bureau-xcom-declassified	66	Aug 19, 2013	6.5	632
first person shooters	Gone Home	http://www.metacritic.com/game/pc/gone-home	86	Aug 15, 2013	5.4	2065
first person shooters	Betrayer	http://www.metacritic.com/game/pc/betrayer	62	Aug 14, 2013	7.3	126
first person shooters	Payday 2	http://www.metacritic.com/game/pc/payday-2	79	Aug 13, 2013	3.6	3555
first person shooters	DeadCore	http://www.metacritic.com/game/pc/deadcore	78	Aug 13, 2013	6.8	38
first person shooters	Rise of the Triad	http://www.metacritic.com/game/pc/rise-of-the-triad	67	Jul 31, 2013	6.7	232
first person shooters	BioShock Infinite: Clash in the Clouds	http://www.metacritic.com/game/pc/bioshock-infinite-clash-in-the-clouds	69	Jul 30, 2013	6.3	102
first person shooters	Realms of Arkania: Blade of Destiny Revised	http://www.metacritic.com/game/pc/realms-of-arkania-blade-of-destiny-revised	18	Jul 29, 2013	3.0	65
first person shooters	Metro: Last Light - Faction Pack	http://www.metacritic.com/game/pc/metro-last-light---faction-pack	60	Jul 16, 2013	6.9	43
first person shooters	Borderlands 2: Tiny Tina's Assault on Dragon Keep	http://www.metacritic.com/game/pc/borderlands-2-tiny-tinas-assault-on-dragon-keep	87	Jun 25, 2013	8.6	110
first person shooters	Dracula 4: Shadow of the Dragon	http://www.metacritic.com/game/pc/dracula-4-shadow-of-the-dragon	32	Jun 19, 2013	3.8	10
first person shooters	Rising Storm	http://www.metacritic.com/game/pc/rising-storm	82	May 30, 2013	8.5	238
first person shooters	Call of Juarez: Gunslinger	http://www.metacritic.com/game/pc/call-of-juarez-gunslinger	79	May 22, 2013	8.2	775
first person shooters	Loadout	http://www.metacritic.com/game/pc/loadout	72	May 15, 2013	7.3	446
first person shooters	Sanctum 2	http://www.metacritic.com/game/pc/sanctum-2	77	May 15, 2013	7.6	372
first person shooters	Metro: Last Light	http://www.metacritic.com/game/pc/metro-last-light	82	May 13, 2013	8.6	2711
first person shooters	Far Cry 3: Blood Dragon	http://www.metacritic.com/game/pc/far-cry-3-blood-dragon	81	May  1, 2013	8.1	813
first person shooters	Zeno Clash II	http://www.metacritic.com/game/pc/zeno-clash-ii	61	Apr 30, 2013	7.4	132
first person shooters	Dead Island: Riptide	http://www.metacritic.com/game/pc/dead-island-riptide	61	Apr 22, 2013	6.0	449
first person shooters	ShootMania Storm	http://www.metacritic.com/game/pc/shootmania-storm	76	Apr 10, 2013	7.2	76
first person shooters	Tactical Intervention	http://www.metacritic.com/game/pc/tactical-intervention	47	Mar 28, 2013	5.9	120
first person shooters	Battlefield 3: End Game	http://www.metacritic.com/game/pc/battlefield-3-end-game	78	Mar 26, 2013	7.4	63
first person shooters	Slender: The Arrival	http://www.metacritic.com/game/pc/slender-the-arrival	65	Mar 26, 2013	6.1	251
first person shooters	BioShock Infinite	http://www.metacritic.com/game/pc/bioshock-infinite	94	Mar 25, 2013	8.6	7603
first person shooters	The Walking Dead: Survival Instinct	http://www.metacritic.com/game/pc/the-walking-dead-survival-instinct	38	Mar 19, 2013	2.6	304
first person shooters	Sniper: Ghost Warrior 2	http://www.metacritic.com/game/pc/sniper-ghost-warrior-2	52	Mar 11, 2013	5.8	341
first person shooters	Insurgency	http://www.metacritic.com/game/pc/insurgency	74	Mar  1, 2013	8.7	513
first person shooters	Crysis 3	http://www.metacritic.com/game/pc/crysis-3	76	Feb 19, 2013	6.6	1274
first person shooters	Aliens: Colonial Marines	http://www.metacritic.com/game/pc/aliens-colonial-marines	45	Feb 11, 2013	3.5	1153
first person shooters	Anna: Extended Edition	http://www.metacritic.com/game/pc/anna-extended-edition	75	Feb  7, 2013	5.9	70
first person shooters	The Elder Scrolls V: Skyrim - Dragonborn	http://www.metacritic.com/game/pc/the-elder-scrolls-v-skyrim---dragonborn	83	Feb  5, 2013	7.9	330
first person shooters	Retrovirus	http://www.metacritic.com/game/pc/retrovirus	70	Jan 31, 2013	6.9	17
first person shooters	Proteus	http://www.metacritic.com/game/pc/proteus	80	Jan 30, 2013	5.6	183
first person shooters	Borderlands 2: Sir Hammerlock's Big Game Hunt	http://www.metacritic.com/game/pc/borderlands-2-sir-hammerlocks-big-game-hunt	75	Jan 15, 2013	6.1	69
first person shooters	HAWKEN	http://www.metacritic.com/game/pc/hawken	73	Dec 12, 2012	7.8	297
first person shooters	Far Cry 3	http://www.metacritic.com/game/pc/far-cry-3	88	Dec  4, 2012	8.3	3362
first person shooters	Battlefield 3: Aftermath	http://www.metacritic.com/game/pc/battlefield-3-aftermath	85	Dec  4, 2012	7.7	79
first person shooters	Miasmata	http://www.metacritic.com/game/pc/miasmata	76	Nov 28, 2012	7.7	114
first person shooters	PlanetSide 2	http://www.metacritic.com/game/pc/planetside-2	84	Nov 20, 2012	7.0	1299
first person shooters	Borderlands 2: Mr. Torgue's Campaign of Carnage	http://www.metacritic.com/game/pc/borderlands-2-mr-torgues-campaign-of-carnage	82	Nov 20, 2012	7.4	73
first person shooters	Call of Duty: Black Ops II	http://www.metacritic.com/game/pc/call-of-duty-black-ops-ii	74	Nov 12, 2012	4.3	1674
first person shooters	007 Legends	http://www.metacritic.com/game/pc/007-legends	26	Nov  1, 2012	2.6	99
first person shooters	Painkiller: Hell & Damnation	http://www.metacritic.com/game/pc/painkiller-hell-damnation	64	Oct 31, 2012	6.6	165
first person shooters	Natural Selection 2	http://www.metacritic.com/game/pc/natural-selection-2	80	Oct 30, 2012	8.4	621
first person shooters	Primal Carnage	http://www.metacritic.com/game/pc/primal-carnage	67	Oct 29, 2012	7.6	128
first person shooters	Medal of Honor: Warfighter	http://www.metacritic.com/game/pc/medal-of-honor-warfighter	55	Oct 23, 2012	5.4	616
first person shooters	Ravaged	http://www.metacritic.com/game/pc/ravaged	64	Oct 17, 2012	5.6	78
first person shooters	Borderlands 2: Captain Scarlett and Her Pirate's Booty	http://www.metacritic.com/game/pc/borderlands-2-captain-scarlett-and-her-pirates-booty	80	Oct 16, 2012	7.5	80
first person shooters	Doom 3 BFG Edition	http://www.metacritic.com/game/pc/doom-3-bfg-edition	59	Oct 15, 2012	5.3	220
first person shooters	Carrier Command: Gaea Mission	http://www.metacritic.com/game/pc/carrier-command-gaea-mission	60	Sep 28, 2012	5.6	73
first person shooters	Borderlands 2	http://www.metacritic.com/game/pc/borderlands-2	89	Sep 17, 2012	8.2	2590
first person shooters	Black Mesa	http://www.metacritic.com/game/pc/black-mesa	86	Sep 14, 2012	8.9	601
first person shooters	Wrack	http://www.metacritic.com/game/pc/wrack	66	Sep 12, 2012	8.3	9
first person shooters	Battlefield 3: Armored Kill	http://www.metacritic.com/game/pc/battlefield-3-armored-kill	87	Sep 11, 2012	7.1	108
first person shooters	Counter-Strike: Global Offensive	http://www.metacritic.com/game/pc/counter-strike-global-offensive	83	Aug 21, 2012	7.7	2923
first person shooters	Thirty Flights of Loving	http://www.metacritic.com/game/pc/thirty-flights-of-loving	88	Aug 20, 2012	5.0	180
first person shooters	The Elder Scrolls V: Skyrim - Dawnguard	http://www.metacritic.com/game/pc/the-elder-scrolls-v-skyrim---dawnguard	66	Aug  2, 2012	6.9	269
first person shooters	Bullet Run	http://www.metacritic.com/game/pc/bullet-run	53	Jul 31, 2012	5.2	27
first person shooters	7554	http://www.metacritic.com/game/pc/7554	41	Jul 20, 2012	5.0	27
first person shooters	Anna	http://www.metacritic.com/game/pc/anna	55	Jul 11, 2012	5.1	61
first person shooters	Battlefield 3: Close Quarters	http://www.metacritic.com/game/pc/battlefield-3-close-quarters	73	Jun 26, 2012	6.9	122
first person shooters	Nexuiz	http://www.metacritic.com/game/pc/nexuiz	54	May 10, 2012	6.9	57
first person shooters	Orion: Dino Horde	http://www.metacritic.com/game/pc/orion-dino-horde	36	May  4, 2012	5.7	398
first person shooters	Tribes: Ascend	http://www.metacritic.com/game/pc/tribes-ascend	86	Apr 12, 2012	7.8	582
first person shooters	Blacklight: Retribution	http://www.metacritic.com/game/pc/blacklight-retribution	75	Apr  3, 2012	7.6	353
first person shooters	Painkiller: Recurring Evil	http://www.metacritic.com/game/pc/painkiller-recurring-evil	38	Feb 29, 2012	3.8	35
first person shooters	Syndicate (2012)	http://www.metacritic.com/game/pc/syndicate-2012	69	Feb 21, 2012	5.9	391
first person shooters	Dear Esther	http://www.metacritic.com/game/pc/dear-esther	75	Feb 14, 2012	6.5	687
first person shooters	Gotham City Impostors	http://www.metacritic.com/game/pc/gotham-city-impostors	65	Feb  7, 2012	6.6	130
first person shooters	The Darkness II	http://www.metacritic.com/game/pc/the-darkness-ii	77	Feb  6, 2012	7.6	466
first person shooters	Postal III	http://www.metacritic.com/game/pc/postal-iii	24	Dec 21, 2011	3.0	269
first person shooters	Battlefield 3: Back to Karkand	http://www.metacritic.com/game/pc/battlefield-3-back-to-karkand	86	Dec 13, 2011	7.2	160
first person shooters	Duke Nukem Forever: The Doctor Who Cloned Me	http://www.metacritic.com/game/pc/duke-nukem-forever-the-doctor-who-cloned-me	52	Dec 13, 2011	7.1	39
first person shooters	Serious Sam 3: BFE	http://www.metacritic.com/game/pc/serious-sam-3-bfe	72	Nov 22, 2011	8.2	598
first person shooters	The Elder Scrolls V: Skyrim	http://www.metacritic.com/game/pc/the-elder-scrolls-v-skyrim	94	Nov 10, 2011	8.2	9604
first person shooters	Call of Duty: Modern Warfare 3	http://www.metacritic.com/game/pc/call-of-duty-modern-warfare-3	78	Nov  8, 2011	2.7	5251
first person shooters	Battlefield 3	http://www.metacritic.com/game/pc/battlefield-3	89	Oct 25, 2011	7.6	4993
first person shooters	Serious Sam: The Random Encounter	http://www.metacritic.com/game/pc/serious-sam-the-random-encounter	64	Oct 24, 2011	6.5	30
first person shooters	Payday: The Heist	http://www.metacritic.com/game/pc/payday-the-heist	76	Oct 20, 2011	7.8	490
first person shooters	Rage	http://www.metacritic.com/game/pc/rage	79	Oct  3, 2011	5.2	1629
first person shooters	Nuclear Dawn	http://www.metacritic.com/game/pc/nuclear-dawn	71	Sep 22, 2011	7.6	124
first person shooters	Fallout: New Vegas - Lonesome Road	http://www.metacritic.com/game/pc/fallout-new-vegas---lonesome-road	57	Sep 20, 2011	7.0	148
first person shooters	Xotic	http://www.metacritic.com/game/pc/xotic	67	Sep 16, 2011	7.6	31
first person shooters	Red Orchestra 2: Heroes of Stalingrad	http://www.metacritic.com/game/pc/red-orchestra-2-heroes-of-stalingrad	76	Sep 13, 2011	7.3	740
first person shooters	Call of Juarez: The Cartel	http://www.metacritic.com/game/pc/call-of-juarez-the-cartel	51	Sep 13, 2011	3.3	133
first person shooters	Hard Reset	http://www.metacritic.com/game/pc/hard-reset	73	Sep 13, 2011	7.3	352
first person shooters	Deus Ex: Human Revolution	http://www.metacritic.com/game/pc/deus-ex-human-revolution	90	Aug 23, 2011	8.5	3195
first person shooters	Fallout: New Vegas - Old World Blues	http://www.metacritic.com/game/pc/fallout-new-vegas---old-world-blues	82	Jul 19, 2011	7.8	197
first person shooters	F.E.A.R. 3	http://www.metacritic.com/game/pc/fear-3	74	Jun 21, 2011	5.8	440
first person shooters	Duke Nukem Forever	http://www.metacritic.com/game/pc/duke-nukem-forever	54	Jun 13, 2011	5.8	1175
first person shooters	Operation Flashpoint: Red River	http://www.metacritic.com/game/pc/operation-flashpoint-red-river	67	Jun  6, 2011	4.9	104
first person shooters	Fallout: New Vegas - Honest Hearts	http://www.metacritic.com/game/pc/fallout-new-vegas---honest-hearts	66	May 17, 2011	6.7	133
first person shooters	Brink	http://www.metacritic.com/game/pc/brink	70	May  9, 2011	6.0	553
first person shooters	Section 8: Prejudice	http://www.metacritic.com/game/pc/section-8-prejudice	77	May  4, 2011	7.8	106
first person shooters	Portal 2	http://www.metacritic.com/game/pc/portal-2	95	Apr 18, 2011	9.0	6204
first person shooters	Sanctum (2011)	http://www.metacritic.com/game/pc/sanctum-2011	70	Apr 15, 2011	6.8	230
first person shooters	World of Tanks	http://www.metacritic.com/game/pc/world-of-tanks	80	Apr 12, 2011	3.7	1548
first person shooters	Dino D-Day	http://www.metacritic.com/game/pc/dino-d-day	53	Apr  8, 2011	6.3	130
first person shooters	Crysis 2	http://www.metacritic.com/game/pc/crysis-2	86	Mar 22, 2011	6.8	1653
first person shooters	Homefront	http://www.metacritic.com/game/pc/homefront	70	Mar 14, 2011	5.6	559
first person shooters	Battle: Los Angeles	http://www.metacritic.com/game/pc/battle-los-angeles	38	Mar 11, 2011	3.3	39
first person shooters	Battlefield: Play4Free	http://www.metacritic.com/game/pc/battlefield-play4free	68	Mar 10, 2011	1.9	218
first person shooters	Painkiller: Redemption	http://www.metacritic.com/game/pc/painkiller-redemption	43	Feb 25, 2011	5.0	44
first person shooters	Fallout: New Vegas - Dead Money	http://www.metacritic.com/game/pc/fallout-new-vegas---dead-money	70	Feb 22, 2011	6.3	182
first person shooters	Bulletstorm	http://www.metacritic.com/game/pc/bulletstorm	82	Feb 21, 2011	7.7	799
first person shooters	Breach	http://www.metacritic.com/game/pc/breach	61	Jan 26, 2011	5.8	43
first person shooters	The Precursors	http://www.metacritic.com/game/pc/the-precursors	68	Dec 21, 2010	6.7	13
first person shooters	Battlefield: Bad Company 2 Vietnam	http://www.metacritic.com/game/pc/battlefield-bad-company-2-vietnam	86	Dec 18, 2010	8.1	196
first person shooters	Crimecraft: Bleedout	http://www.metacritic.com/game/pc/crimecraft-bleedout	68	Dec  4, 2010	5.2	41
first person shooters	Call of Duty: Black Ops	http://www.metacritic.com/game/pc/call-of-duty-black-ops	81	Nov  9, 2010	5.3	1699
first person shooters	Bloody Good Time	http://www.metacritic.com/game/pc/bloody-good-time	73	Oct 29, 2010	7.9	17
first person shooters	Fallout: New Vegas	http://www.metacritic.com/game/pc/fallout-new-vegas	84	Oct 19, 2010	8.6	3072
first person shooters	Medal of Honor	http://www.metacritic.com/game/pc/medal-of-honor	72	Oct 12, 2010	6.4	530
first person shooters	Borderlands: Claptrap's New Robot Revolution	http://www.metacritic.com/game/pc/borderlands-claptraps-new-robot-revolution	69	Sep 28, 2010	6.4	38
first person shooters	Ghost Pirates of Vooju Island	http://www.metacritic.com/game/pc/ghost-pirates-of-vooju-island	66	Aug 30, 2010	tbd	0
first person shooters	Blacklight: Tango Down	http://www.metacritic.com/game/pc/blacklight-tango-down	65	Jul 14, 2010	5.4	31
first person shooters	Singularity	http://www.metacritic.com/game/pc/singularity	76	Jun 29, 2010	7.8	344
first person shooters	ArmA II: Operation Arrowhead	http://www.metacritic.com/game/pc/arma-ii-operation-arrowhead	73	Jun 29, 2010	8.1	196
first person shooters	Sniper: Ghost Warrior	http://www.metacritic.com/game/pc/sniper-ghost-warrior	55	Jun 24, 2010	5.5	279
first person shooters	Serious Sam HD: The Second Encounter	http://www.metacritic.com/game/pc/serious-sam-hd-the-second-encounter	76	Apr 28, 2010	8.0	150
first person shooters	Left 4 Dead 2: The Passing	http://www.metacritic.com/game/pc/left-4-dead-2-the-passing	75	Apr 22, 2010	8.0	70
first person shooters	Dark Fall 3: Lost Souls	http://www.metacritic.com/game/pc/dark-fall-3-lost-souls	75	Apr 21, 2010	7.2	29
first person shooters	The Scourge Project: Episodes 1 and 2	http://www.metacritic.com/game/pc/the-scourge-project-episodes-1-and-2	44	Apr  9, 2010	4.5	53
first person shooters	Metro 2033	http://www.metacritic.com/game/pc/metro-2033	81	Mar 16, 2010	8.1	1543
first person shooters	Battlefield: Bad Company 2	http://www.metacritic.com/game/pc/battlefield-bad-company-2	87	Mar  2, 2010	8.3	1533
first person shooters	Borderlands: The Secret Armory of General Knoxx	http://www.metacritic.com/game/pc/borderlands-the-secret-armory-of-general-knoxx	86	Feb 25, 2010	7.2	87
first person shooters	Aliens vs. Predator	http://www.metacritic.com/game/pc/aliens-vs-predator	68	Feb 16, 2010	7.4	1008
first person shooters	BioShock 2	http://www.metacritic.com/game/pc/bioshock-2	88	Feb  9, 2010	8.0	1341
first person shooters	S.T.A.L.K.E.R.: Call of Pripyat	http://www.metacritic.com/game/pc/stalker-call-of-pripyat	80	Feb  2, 2010	8.7	666
first person shooters	Borderlands: Mad Moxxi's Underdome Riot	http://www.metacritic.com/game/pc/borderlands-mad-moxxis-underdome-riot	58	Jan  7, 2010	3.9	62
first person shooters	Borderlands: The Zombie Island of Dr. Ned	http://www.metacritic.com/game/pc/borderlands-the-zombie-island-of-dr-ned	84	Dec  8, 2009	7.5	82
first person shooters	Rogue Warrior	http://www.metacritic.com/game/pc/rogue-warrior	29	Dec  1, 2009	3.4	129
first person shooters	Serious Sam HD: The First Encounter	http://www.metacritic.com/game/pc/serious-sam-hd-the-first-encounter	68	Nov 24, 2009	8.1	220
first person shooters	Left 4 Dead 2	http://www.metacritic.com/game/pc/left-4-dead-2	89	Nov 16, 2009	8.4	2648
first person shooters	Call of Duty: Modern Warfare 2	http://www.metacritic.com/game/pc/call-of-duty-modern-warfare-2	86	Nov 10, 2009	4.2	6531
first person shooters	Shattered Horizon	http://www.metacritic.com/game/pc/shattered-horizon	72	Nov  4, 2009	8.1	199
first person shooters	Painkiller: Resurrection	http://www.metacritic.com/game/pc/painkiller-resurrection	38	Oct 27, 2009	4.3	73
first person shooters	Borderlands	http://www.metacritic.com/game/pc/borderlands	81	Oct 26, 2009	7.7	1421
first person shooters	Nancy Drew: Warnings at Waverly Academy	http://www.metacritic.com/game/pc/nancy-drew-warnings-at-waverly-academy	76	Oct 13, 2009	7.0	11
first person shooters	Dreamkiller	http://www.metacritic.com/game/pc/dreamkiller	47	Oct 12, 2009	5.3	45
first person shooters	Operation Flashpoint: Dragon Rising	http://www.metacritic.com/game/pc/operation-flashpoint-dragon-rising	76	Oct  6, 2009	4.9	543
first person shooters	Left 4 Dead: Crash Course	http://www.metacritic.com/game/pc/left-4-dead-crash-course	78	Sep 29, 2009	6.8	99
first person shooters	Darkest of Days	http://www.metacritic.com/game/pc/darkest-of-days	51	Sep  7, 2009	6.1	112
first person shooters	Section 8	http://www.metacritic.com/game/pc/section-8	72	Aug 25, 2009	7.0	80
first person shooters	Raven Squad: Operation Hidden Dagger	http://www.metacritic.com/game/pc/raven-squad-operation-hidden-dagger	39	Aug 25, 2009	3.2	59
first person shooters	Wolfenstein	http://www.metacritic.com/game/pc/wolfenstein	74	Aug 18, 2009	7.3	285
first person shooters	Fallout 3: Mothership Zeta	http://www.metacritic.com/game/pc/fallout-3-mothership-zeta	68	Aug  3, 2009	5.6	93
first person shooters	Memento Mori	http://www.metacritic.com/game/pc/memento-mori	66	Jul 29, 2009	8.4	28
first person shooters	Nancy Drew: The Ransom of the Seven Ships	http://www.metacritic.com/game/pc/nancy-drew-the-ransom-of-the-seven-ships	78	Jul 14, 2009	8.6	5
first person shooters	Call of Juarez: Bound in Blood	http://www.metacritic.com/game/pc/call-of-juarez-bound-in-blood	78	Jun 30, 2009	8.0	297
first person shooters	ArmA II	http://www.metacritic.com/game/pc/arma-ii	77	Jun 26, 2009	7.5	598
first person shooters	Fallout 3: Point Lookout	http://www.metacritic.com/game/pc/fallout-3-point-lookout	79	Jun 23, 2009	7.8	98
first person shooters	America's Army 3	http://www.metacritic.com/game/pc/americas-army-3	70	Jun 17, 2009	7.7	369
first person shooters	Delta Force: Xtreme 2	http://www.metacritic.com/game/pc/delta-force-xtreme-2	40	May 27, 2009	5.0	50
first person shooters	Necrovision	http://www.metacritic.com/game/pc/necrovision	63	May 18, 2009	6.4	84
first person shooters	Tunnel Rats: 1968	http://www.metacritic.com/game/pc/tunnel-rats-1968	30	May 15, 2009	3.7	21
first person shooters	Killing Floor	http://www.metacritic.com/game/pc/killing-floor	72	May 14, 2009	8.6	1403
first person shooters	Minecraft	http://www.metacritic.com/game/pc/minecraft	93	May 10, 2009	7.5	4308
first person shooters	Fallout 3: Broken Steel	http://www.metacritic.com/game/pc/fallout-3-broken-steel	81	May  5, 2009	7.2	107
first person shooters	Velvet Assassin	http://www.metacritic.com/game/pc/velvet-assassin	61	Apr 30, 2009	6.3	111
first person shooters	Cryostasis: The Sleep of Reason	http://www.metacritic.com/game/pc/cryostasis-the-sleep-of-reason	69	Apr 24, 2009	7.9	180
first person shooters	Zeno Clash	http://www.metacritic.com/game/pc/zeno-clash	77	Apr 21, 2009	7.9	299
first person shooters	The Chronicles of Riddick: Assault on Dark Athena	http://www.metacritic.com/game/pc/the-chronicles-of-riddick-assault-on-dark-athena	80	Apr  7, 2009	7.9	141
first person shooters	Fallout 3: The Pitt	http://www.metacritic.com/game/pc/fallout-3-the-pitt	78	Mar 24, 2009	6.8	95
first person shooters	Drug Wars (2009)	http://www.metacritic.com/game/pc/drug-wars-2009	35	Mar 17, 2009	4.9	29
first person shooters	ShellShock 2: Blood Trails	http://www.metacritic.com/game/pc/shellshock-2-blood-trails	40	Feb 13, 2009	5.5	45
first person shooters	F.E.A.R. 2: Project Origin	http://www.metacritic.com/game/pc/fear-2-project-origin	79	Feb 10, 2009	7.8	550
first person shooters	Fallout 3 - Operation: Anchorage	http://www.metacritic.com/game/pc/fallout-3---operation-anchorage	65	Jan 27, 2009	5.4	97
first person shooters	Mirror's Edge	http://www.metacritic.com/game/pc/mirrors-edge	81	Jan 12, 2009	8.1	1073
first person shooters	Legendary	http://www.metacritic.com/game/pc/legendary	50	Nov 18, 2008	6.5	110
first person shooters	CSI: NY	http://www.metacritic.com/game/pc/csi-ny	53	Nov 18, 2008	2.3	13
first person shooters	Left 4 Dead	http://www.metacritic.com/game/pc/left-4-dead	89	Nov 17, 2008	9.2	3795
first person shooters	Call of Duty: World at War	http://www.metacritic.com/game/pc/call-of-duty-world-at-war	83	Nov 10, 2008	7.5	792
first person shooters	Iron Grip: Warlord	http://www.metacritic.com/game/pc/iron-grip-warlord	59	Nov  5, 2008	7.6	27
first person shooters	007: Quantum of Solace	http://www.metacritic.com/game/pc/007-quantum-of-solace	70	Nov  4, 2008	6.2	56
first person shooters	Fallout 3	http://www.metacritic.com/game/pc/fallout-3	91	Oct 28, 2008	7.9	3678
first person shooters	Space Trader - Merchant Marine	http://www.metacritic.com/game/pc/space-trader---merchant-marine	53	Oct 23, 2008	4.6	24
first person shooters	Far Cry 2	http://www.metacritic.com/game/pc/far-cry-2	85	Oct 21, 2008	5.8	1396
first person shooters	Sniper: Art of Victory	http://www.metacritic.com/game/pc/sniper-art-of-victory	36	Oct 16, 2008	3.6	20
first person shooters	Brothers in Arms: Hell's Highway	http://www.metacritic.com/game/pc/brothers-in-arms-hells-highway	79	Oct  7, 2008	7.9	139
first person shooters	Rhiannon: Curse of the Four Branches	http://www.metacritic.com/game/pc/rhiannon-curse-of-the-four-branches	67	Oct  5, 2008	7.1	8
first person shooters	Crysis Warhead	http://www.metacritic.com/game/pc/crysis-warhead	84	Sep 16, 2008	7.9	545
first person shooters	S.T.A.L.K.E.R.: Clear Sky	http://www.metacritic.com/game/pc/stalker-clear-sky	75	Sep 15, 2008	7.7	524
first person shooters	Dracula 3: The Path of the Dragon	http://www.metacritic.com/game/pc/dracula-3-the-path-of-the-dragon	65	Aug 21, 2008	7.2	22
first person shooters	Tank Universal: Challenger Eight	http://www.metacritic.com/game/pc/tank-universal-challenger-eight	67	Aug 21, 2008	7.3	24
first person shooters	Code of Honor 2: Conspiracy Island	http://www.metacritic.com/game/pc/code-of-honor-2-conspiracy-island	32	Jul 29, 2008	4.9	9
first person shooters	UberSoldier II	http://www.metacritic.com/game/pc/ubersoldier-ii	62	Jul 22, 2008	6.9	15
first person shooters	Combat Arms	http://www.metacritic.com/game/pc/combat-arms	71	Jul 10, 2008	4.9	145
first person shooters	Turok	http://www.metacritic.com/game/pc/turok	65	Apr 22, 2008	6.4	62
first person shooters	Tom Clancy's Rainbow Six: Vegas 2	http://www.metacritic.com/game/pc/tom-clancys-rainbow-six-vegas-2	78	Apr 15, 2008	7.3	190
first person shooters	Sherlock Holmes: Nemesis	http://www.metacritic.com/game/pc/sherlock-holmes-nemesis	71	Apr 14, 2008	7.5	21
first person shooters	Cleopatra: Riddle of the Tomb	http://www.metacritic.com/game/pc/cleopatra-riddle-of-the-tomb	67	Mar 31, 2008	tbd	0
first person shooters	Rhem 3: The Secret Library	http://www.metacritic.com/game/pc/rhem-3-the-secret-library	69	Feb 28, 2008	tbd	0
first person shooters	Turning Point: Fall of Liberty	http://www.metacritic.com/game/pc/turning-point-fall-of-liberty	39	Feb 26, 2008	4.5	37
first person shooters	Frontlines: Fuel of War	http://www.metacritic.com/game/pc/frontlines-fuel-of-war	73	Feb 25, 2008	6.9	174
first person shooters	Conflict: Denied Ops	http://www.metacritic.com/game/pc/conflict-denied-ops	58	Feb  8, 2008	4.8	54
first person shooters	Savage 2: A Tortured Soul	http://www.metacritic.com/game/pc/savage-2-a-tortured-soul	75	Jan 16, 2008	8.7	103
first person shooters	The History Channel: Battle for the Pacific	http://www.metacritic.com/game/pc/the-history-channel-battle-for-the-pacific	42	Dec  4, 2007	2.3	11
first person shooters	Unreal Tournament III	http://www.metacritic.com/game/pc/unreal-tournament-iii	83	Nov 19, 2007	8.0	534
first person shooters	Soldier of Fortune: Payback	http://www.metacritic.com/game/pc/soldier-of-fortune-payback	45	Nov 14, 2007	4.9	82
first person shooters	Crysis	http://www.metacritic.com/game/pc/crysis	91	Nov 13, 2007	8.0	2087
first person shooters	BlackSite: Area 51	http://www.metacritic.com/game/pc/blacksite-area-51	60	Nov 12, 2007	4.8	46
first person shooters	F.E.A.R. Perseus Mandate	http://www.metacritic.com/game/pc/fear-perseus-mandate	61	Nov  6, 2007	7.3	113
first person shooters	Call of Duty 4: Modern Warfare	http://www.metacritic.com/game/pc/call-of-duty-4-modern-warfare	92	Nov  5, 2007	8.5	2530
